{
  "Camera": {
    "Position": [
      -7.318023204803467,
      0.013174926862120628,
      2.277395725250244
    ],
    "Rotation": [
      -0.800000011920929,
      -8.199999809265137
    ]
  },
  "NextUUID": 17,
  "Primitives": {
    "0": {
      "ComponentUUIDs": [
        11,
        12,
        13
      ],
      "Location": [
        0.0,
        -2.4142613410949707,
        0.0
      ],
      "Rotation": [
        -0.0,
        0.0,
        -0.0
      ],
      "Scale": [
        1.0,
        1.0,
        1.0
      ],
      "Type": "Cube",
      "UUID": 10
    },
    "1": {
      "ComponentUUIDs": [
        15,
        16,
        17
      ],
      "Location": [
        0.0,
        2.0459375381469727,
        0.0
      ],
      "Rotation": [
        -0.0,
        0.0,
        -0.0
      ],
      "Scale": [
        1.0,
        1.0,
        1.0
      ],
      "Type": "Cube",
      "UUID": 14
    }
  }
}
