{
  "Version" : 1,
  "NextUUID" : 8,
  "Camera" : {
    "Position" : [-5.000000, 0.000000, 2.000000],
    "Rotation" : [0.000000, -15.000000]
  },
  "Primitives" : {
    "0" : {
      "Location" : [10.290000, 1.210000, 0.000000],
      "Rotation" : [0.000000, 0.000000, 0.000000],
      "Scale" : [1.000000, 1.000000, 1.000000],
      "Type" : "Sphere"
    },
    "1" : {
      "Location" : [-0.170000, 8.060000, 0.000000],
      "Rotation" : [0.000000, 0.000000, 0.000000],
      "Scale" : [1.000000, 1.000000, 1.000000],
      "Type" : "Sphere"
    },
    "2" : {
      "Location" : [0.330000, -5.290000, 0.000000],
      "Rotation" : [0.000000, 0.000000, 0.000000],
      "Scale" : [1.000000, 1.000000, 1.000000],
      "Type" : "Sphere"
    },
    "3" : {
      "Location" : [-0.140000, 0.030000, 5.000000],
      "Rotation" : [0.000000, 0.000000, 0.000000],
      "Scale" : [1.000000, 1.000000, 1.000000],
      "Type" : "Sphere"
    },
    "4" : {
      "Location" : [-1.060000, 3.620000, 6.240000],
      "Rotation" : [0.000000, 0.000000, 0.000000],
      "Scale" : [3.000000, 3.000000, 3.000000],
      "Type" : "Sphere"
    },
    "5" : {
      "Location" : [10.290000, 0.420000, 0.000000],
      "Rotation" : [0.000000, 0.760000, 50.000000],
      "Scale" : [2.000000, 2.000000, 2.000000],
      "Type" : "Cube"
    },
    "6" : {
      "Location" : [-3.850000, 1.070000, 2.460000],
      "Rotation" : [0.000000, -30.910000, 0.000000],
      "Scale" : [3.000000, 3.000000, 3.000000],
      "Type" : "Cube"
    }
  }
}
