{
  "Camera": {
    "Position": [
      -7.564905166625977,
      1.7828218936920166,
      2.785341501235962
    ],
    "Rotation": [
      -16.000009536743164,
      -15.599997520446777
    ]
  },
  "NextUUID": 25,
  "Primitives": {
    "0": {
      "Location": [
        0.0,
        -3.1255557537078857,
        0.0
      ],
      "Rotation": [
        -0.0,
        0.0,
        -0.0
      ],
      "Scale": [
        1.0,
        1.0,
        1.0
      ],
      "Type": "Cube",
      "UUID": 10
    },
    "1": {
      "Location": [
        4.302714824676514,
        0.0,
        0.0
      ],
      "Rotation": [
        -0.0,
        0.0,
        -0.0
      ],
      "Scale": [
        1.0,
        1.0,
        1.0
      ],
      "Type": "Cube",
      "UUID": 14
    },
    "2": {
      "Location": [
        -1.843322992324829,
        0.0,
        0.0
      ],
      "Rotation": [
        -0.0,
        0.0,
        -0.0
      ],
      "Scale": [
        1.0,
        1.0,
        1.0
      ],
      "Type": "Cube",
      "UUID": 18
    },
    "3": {
      "Location": [
        0.0,
        3.217106819152832,
        0.0
      ],
      "Rotation": [
        -0.0,
        0.0,
        -0.0
      ],
      "Scale": [
        1.0,
        1.0,
        1.0
      ],
      "Type": "Cube",
      "UUID": 22
    }
  }
}
