{
  "Camera": {
    "Position": [
      -7.001751899719238,
      2.054711103439331,
      2.451578140258789
    ],
    "Rotation": [
      -4.800000190734863,
      -12.799997329711914
    ]
  },
  "NextUUID": 29,
  "Primitives": {
    "0": {
      "ComponentUUIDs": [
        11,
        12,
        13
      ],
      "Location": [
        0.0,
        0.0,
        0.0
      ],
      "Rotation": [
        -0.0,
        0.0,
        -0.0
      ],
      "Scale": [
        1.0,
        1.0,
        1.0
      ],
      "Type": "Cube",
      "UUID": 10
    },
    "1": {
      "ComponentUUIDs": [
        15,
        16,
        17
      ],
      "Location": [
        0.0,
        0.0,
        0.0
      ],
      "Rotation": [
        -0.0,
        0.0,
        -0.0
      ],
      "Scale": [
        1.0,
        1.0,
        1.0
      ],
      "Type": "Cube",
      "UUID": 14
    },
    "2": {
      "ComponentUUIDs": [
        19,
        20,
        21
      ],
      "Location": [
        0.0,
        0.0,
        0.0
      ],
      "Rotation": [
        -0.0,
        0.0,
        -0.0
      ],
      "Scale": [
        1.0,
        1.0,
        1.0
      ],
      "Type": "Cube",
      "UUID": 18
    },
    "3": {
      "ComponentUUIDs": [
        23,
        24,
        25
      ],
      "Location": [
        0.0,
        0.0,
        0.0
      ],
      "Rotation": [
        -0.0,
        0.0,
        -0.0
      ],
      "Scale": [
        1.0,
        1.0,
        1.0
      ],
      "Type": "Cube",
      "UUID": 22
    },
    "4": {
      "ComponentUUIDs": [
        27,
        28,
        29
      ],
      "Location": [
        0.0,
        0.0,
        0.0
      ],
      "Rotation": [
        -0.0,
        0.0,
        -0.0
      ],
      "Scale": [
        1.0,
        1.0,
        1.0
      ],
      "Type": "Cube",
      "UUID": 26
    }
  }
}
