{
  "Camera": {
    "Position": [
      -4.553745269775391,
      -10.889445304870605,
      5.0034098625183105
    ],
    "Rotation": [
      61.99998474121094,
      -1.8000071048736572
    ]
  },
  "Materials": [
    "Assets/Materials/M_RedColor.json",
    "Assets/Materials/M_GreenColor.json",
    "Assets/Materials/M_BlueColor.json",
    "Assets/Materials/M_TintYellow.json"
  ],
  "NextUUID": 48,
  "Primitives": null
}
