{
  "Camera": {
    "Position": [
      -5.0,
      0.0,
      2.0
    ],
    "Rotation": [
      -2.9802322387695313e-08,
      -3.000000476837158
    ]
  },
  "NextUUID": 16,
  "Primitives": {
    "0": {
      "Class": "ACubeActor",
      "ComponentUUIDs": [
        11,
        12,
        13
      ],
      "Location": [
        0.0,
        0.0,
        0.0
      ],
      "Rotation": [
        -0.0,
        0.0,
        -0.0
      ],
      "Scale": [
        1.0,
        1.0,
        1.0
      ],
      "UUID": 10
    },
    "1": {
      "Class": "ASphereActor",
      "ComponentUUIDs": [
        15,
        16
      ],
      "Location": [
        0.0,
        1.2095005512237549,
        0.0
      ],
      "Rotation": [
        -0.0,
        0.0,
        -0.0
      ],
      "Scale": [
        1.0,
        1.0,
        1.0
      ],
      "UUID": 14
    }
  }
}
