{
  "Camera": {
    "Position": [
      8.1636962890625,
      -6.953768730163574,
      5.162952899932861
    ],
    "Rotation": [
      132.9993133544922,
      -26.60000991821289
    ]
  },
  "Materials": [
    "Assets/Materials/M_GreenColor.json",
    "Assets/Materials/M_RedColor.json",
    "Assets/Materials/M_BlueColor.json",
    "Assets/Materials/M_TintYellow.json"
  ],
  "Primitives": {
    "0": {
      "Location": [
        2.2990498542785645,
        0.0,
        0.0
      ],
      "Rotation": [
        -0.0,
        0.0,
        -0.0
      ],
      "Scale": [
        1.0,
        1.0,
        1.0
      ],
      "Type": "Sphere"
    }
  }
}
