{
  "Camera": {
    "Position": [
      -9.936744689941406,
      2.3373892307281494,
      3.3927648067474365
    ],
    "Rotation": [
      -10.399999618530273,
      -16.199995040893555
    ]
  },
  "NextUUID": 28,
  "Primitives": {
    "0": {
      "ComponentUUIDs": [
        11,
        12,
        13
      ],
      "Location": [
        0.0,
        3.089156150817871,
        0.0
      ],
      "Rotation": [
        -0.0,
        0.0,
        -0.0
      ],
      "Scale": [
        1.0,
        1.0,
        1.0
      ],
      "Type": "Cube",
      "UUID": 10
    },
    "1": {
      "ComponentUUIDs": [
        15,
        16,
        17
      ],
      "Location": [
        0.0,
        -3.9167592525482178,
        0.0
      ],
      "Rotation": [
        -0.0,
        0.0,
        -0.0
      ],
      "Scale": [
        1.0,
        1.0,
        1.0
      ],
      "Type": "Cube",
      "UUID": 14
    },
    "2": {
      "ComponentUUIDs": [
        19,
        20
      ],
      "Location": [
        0.0,
        0.0,
        2.8909614086151123
      ],
      "Rotation": [
        -0.0,
        0.0,
        -0.0
      ],
      "Scale": [
        1.0,
        1.0,
        1.0
      ],
      "Type": "Sphere",
      "UUID": 18
    },
    "3": {
      "ComponentUUIDs": [
        22,
        23,
        24
      ],
      "Location": [
        0.0,
        -1.8564199209213257,
        0.0
      ],
      "Rotation": [
        -0.0,
        0.0,
        -0.0
      ],
      "Scale": [
        1.0,
        1.0,
        1.0
      ],
      "Type": "AttachTest",
      "UUID": 21
    },
    "4": {
      "ComponentUUIDs": [
        26,
        27,
        28
      ],
      "Location": [
        0.0,
        2.288100004196167,
        0.0
      ],
      "Rotation": [
        -0.0,
        0.0,
        -0.0
      ],
      "Scale": [
        1.0,
        1.0,
        1.0
      ],
      "Type": "AttachTest",
      "UUID": 25
    }
  }
}
